ID,行政區,地址,店名
00cd8304-12a7-429a-8d61-87bcb927aeff,士林區,台北市士林區士林夜市-新竹家鄉碳烤雞排,士林夜市-新竹家鄉碳烤雞排
01472f42-2ae3-4248-9340-2f98a07001f7,士林區,台北市士林區士林夜市-Pe girl 飾品店,士林夜市-Pe girl 飾品店
0220252d-28c2-44da-bada-e53cbcb387f8,士林區,台北市士林區士林夜市-金興發股份有限公司,士林夜市-金興發股份有限公司
03b3f124-f0ba-4d1a-ae1e-2c6922027746,士林區,台北市士林區士東市場 鄒天母鵝雞肉亭,士東市場 鄒天母鵝雞肉亭
04317535-8f4b-4103-9ab1-f7cd549e373f,士林區,台北市士林區士東市場 古早味,士東市場 古早味
04670131-aaad-46bb-b9cf-abe352bfdb76,士林區,台北市士林區士林夜市-一口煎餃,士林夜市-一口煎餃
0490ef05-cb9c-489b-8338-0f8c06952004,士林區,台北市士林區士林夜市-ARPOLYGON•MCASHA,士林夜市-ARPOLYGON•MCASHA
04fecfe1-f8a1-4871-a6ab-8591f89d8c45,士林區,台北市士林區士林夜市-良人好茶,士林夜市-良人好茶
05330c0e-80ec-4a95-98a7-9829053e54d1,士林區,台北市士林區士東市場 二姐的店,士東市場 二姐的店
05c09311-e1fe-4ea2-89c4-d810cea83a1d,士林區,台北市士林區士林市場-1F185號下午,士林市場-1F185號下午
0707f23d-edc2-4d49-a4b3-aab3063f1d76,士林區,台北市士林區士林市場B1  八禾大食館（八禾生炒花枝焿）,士林市場B1  八禾大食館（八禾生炒花枝焿）
0712e875-3410-47cb-8761-df59e05ae5dd,士林區,台北市士林區士林市場-1F145號下午,士林市場-1F145號下午
0787028a-c7a8-436e-bf56-3b64f08078a1,士林區,台北市士林區士林夜市-佩佩house,士林夜市-佩佩house
078b30c6-d2f0-4e13-90fc-14d7dc805c40,士林區,台北市士林區士林夜市-冠魚蛋小屋大南店,士林夜市-冠魚蛋小屋大南店
079738cf-533f-441a-b661-5fb7af0b999d,士林區,台北市士林區士東市場 唐藝館,士東市場 唐藝館
083bb4aa-4eb2-435f-abbb-20202199968e,士林區,台北市士林區士林夜市-炸老大雞排鹹酥雞專賣店,士林夜市-炸老大雞排鹹酥雞專賣店
09691487-c500-4332-af20-0f39af575dcb,士林區,台北市士林區士林夜市-g.co流行眼鏡帽子,士林夜市-g.co流行眼鏡帽子
0981e453-4df7-4ed8-9f3c-3e8b46135d24,士林區,台北市士林區士林夜市-有意落花生,士林夜市-有意落花生
09b73a22-d605-46e2-a651-257c3846163a,士林區,台北市士林區福華廣場攤販集中場第99號攤 生鮮雞肉,福華廣場攤販集中場第99號攤 生鮮雞肉
09c029b5-7690-4546-861f-b7fc7c0a50b9,士林區,台北市士林區士林夜市-帽子,士林夜市-帽子
0a6e7be4-91a7-45c2-8032-5048746c5c13,士林區,台北市士林區士東市場 天天開心蔬菜,士東市場 天天開心蔬菜
0aa00be6-a1a6-4d09-9262-ec57aaad1b34,士林區,台北市士林區士林夜市-Cubeef火烤牛,士林夜市-Cubeef火烤牛
0b3406f3-780e-4147-875c-80689e7026c4,士林區,台北市士林區士林夜市-泓凱企業社/哈哈活力站,士林夜市-泓凱企業社/哈哈活力站
0b4b6811-02a4-44ab-82e7-e727163d9b2f,士林區,台北市士林區士林市場-撈魚(1F下午226號),士林市場-撈魚(1F下午226號)
0b7e89c4-ddd0-4ec0-802c-dddb11e84bcb,士林區,台北市士林區QQ港式雞蛋仔,QQ港式雞蛋仔
0c32d0ce-d96e-405b-82b2-fce890fd0756,士林區,台北市士林區士林夜市-毛手毛腳iphone case手機殼,士林夜市-毛手毛腳iphone case手機殼
0cb578f5-c68c-4208-88f8-a8aeb0eaf00a,士林區,台北市士林區士東市場 廣東粥,士東市場 廣東粥
0d3f8303-bd87-4141-8e7f-87da96f63804,士林區,台北市士林區士林夜市-A-Bei潤餅小棧,士林夜市-A-Bei潤餅小棧
0d499faa-cc30-49fd-b3e8-54b0f5bb4495,士林區,台北市士林區士林市場1F 大王遊戲攤(36),士林市場1F 大王遊戲攤(36)
0d5f4f37-76c4-4aaa-926a-d801ad845d43,士林區,台北市士林區士林夜市-配件王-手機周邊,士林夜市-配件王-手機周邊
0d7bc979-987b-487e-b925-b8be65b644ca,士林區,台北市士林區士東市場 完美食雞,士東市場 完美食雞
0e0127d5-ba8c-40eb-83ee-3093efbc3234,士林區,台北市士林區士林夜市-玩漾創意手作,士林夜市-玩漾創意手作
0e3be109-6f48-49a3-b0dc-c8b45c903256,士林區,台北市士林區士林夜市-奇機台北維修旗艦店,士林夜市-奇機台北維修旗艦店
0ea3be55-f95e-4650-8e90-7bfd59476cda,士林區,台北市士林區士林夜市-A.H SHOP (大東店27號),士林夜市-A.H SHOP (大東店27號)
0ecb1f90-01d2-4068-8dbe-53f76ce533c6,士林區,台北市士林區士林夜市-佩佩屋服飾,士林夜市-佩佩屋服飾
0f841c4e-d6df-414b-85ce-fa12ed72f3b4,士林區,台北市士林區士林市場-長隆彈珠(1F143號下午),士林市場-長隆彈珠(1F143號下午)
0fde3931-2f4b-4fdc-9047-240e983c54d0,士林區,台北市士林區士東市場 珍奇豆宴,士東市場 珍奇豆宴
10848395-cf78-44ae-bb46-48febe52e2d6,士林區,台北市士林區士東市場 小吳麥菜(72號攤),士東市場 小吳麥菜(72號攤)
109251ff-701d-4f18-99b6-eda1d286b1ad,士林區,台北市士林區士林夜市-KILLER 007,士林夜市-KILLER 007
10c391a0-2ff1-47b1-83b7-13b8693ac190,士林區,台北市士林區士林夜市-第一名女裝,士林夜市-第一名女裝
10c51091-f2ec-44e0-a990-1348de15076c,士林區,台北市士林區士林夜市-大上海生煎包,士林夜市-大上海生煎包
10f5439e-1ad9-4b02-a3dc-c43ab3768f29,士林區,台北市士林區士林夜市-陳記九龍城香港茶（士林店大南）,士林夜市-陳記九龍城香港茶（士林店大南）
1165d567-b16a-449f-8f6e-93e950e8ee9a,士林區,台北市士林區士林市場-柚來玩(1F28號下午),士林市場-柚來玩(1F28號下午)
11af1caf-7e94-4676-9127-56bd3e3639e9,士林區,台北市士林區士東市場 士東海鮮,士東市場 士東海鮮
122aa431-1129-4375-8538-7eebf1e21584,士林區,台北市士林區士林夜市-好吃豬血糕,士林夜市-好吃豬血糕
12315ed9-d4b9-41dc-ac4c-90ed70c96950,士林區,台北市士林區士林市場-1F64號下午,士林市場-1F64號下午
129ecca2-e742-44fa-a7de-d1aa32d8a270,士林區,台北市士林區士林夜市-牛魔王牛排館-士林店,士林夜市-牛魔王牛排館-士林店
12c6764e-9e5e-47e3-a6f0-e7b82dd3622c,士林區,台北市士林區士東市場 吉園圃安全蔬菜,士東市場 吉園圃安全蔬菜
13161c7f-0d33-4595-9d91-264d6bb0606b,士林區,台北市士林區士東市場 任何故事館,士東市場 任何故事館
144eeccc-ec86-4339-ad27-1d8498d010c6,士林區,台北市士林區士林夜市-老士林任家焗烤海鮮,士林夜市-老士林任家焗烤海鮮
14678553-7d26-4bf1-936f-7f69bf3a66e9,士林區,台北市士林區士林夜市-口口口品大南牛排店,士林夜市-口口口品大南牛排店
148d2780-30e7-4b0f-8abe-e297476b3b7e,士林區,台北市士林區士林夜市-高雄肉圓,士林夜市-高雄肉圓
14927df9-b216-4f09-a27d-3aed115a52f5,士林區,台北市士林區士林市場-麻將賓果(1F217號下午),士林市場-麻將賓果(1F217號下午)
14ed56f6-cb38-4161-a1bd-9d1baf3994be,士林區,台北市士林區士東市場 杏壽司,士東市場 杏壽司
154ed41d-0227-40a6-b385-49d77c7c8db2,士林區,台北市士林區士林市場1F 145水果(145號),士林市場1F 145水果(145號)
15847fab-ae09-4c2f-8fa1-3899c7a1d1da,士林區,台北市士林區士東市場 雞肉攤,士東市場 雞肉攤
173b4a96-a64c-4185-96fd-b629bde65f0c,士林區,台北市士林區士林夜市-甜心兒內衣店,士林夜市-甜心兒內衣店
17d7fa37-1b0a-497d-ba58-fc1d863e091a,士林區,台北市士林區士林夜市--蜜汁燒烤,士林夜市--蜜汁燒烤
181cb264-90cb-434b-a4e8-f5361c60bffc,士林區,台北市士林區士東市場 台灣土雞專賣店,士東市場 台灣土雞專賣店
1828327d-0515-452a-a57b-234e4e2e2150,士林區,台北市士林區士東市場 Coffee and tea,士東市場 Coffee and tea
183f0f13-9944-422e-8275-5857694e30ed,士林區,台北市士林區士東市場 甜馨,士東市場 甜馨
19129589-3d9d-41c5-9488-68d347f50048,士林區,台北市士林區士林夜市-基河臭豆腐,士林夜市-基河臭豆腐
192a4180-62ca-4b24-ba51-956cc6130da5,士林區,台北市士林區士林市場-1F224號下午,士林市場-1F224號下午
19357512-6723-46ac-a94c-67c7302b02b1,士林區,台北市士林區士林夜市-圈圈王國,士林夜市-圈圈王國
1b08d5f5-3ace-4eb0-a481-84df001734a2,士林區,台北市士林區士林市場-長隆彈珠(1F下午147號),士林市場-長隆彈珠(1F下午147號)
1b47c5b1-5762-4ca7-8a03-727c91e4cbeb,士林區,台北市士林區士東市場 蘭雅鮮花庄,士東市場 蘭雅鮮花庄
1bad31d4-246d-490d-8fe7-d01626e6642a,士林區,台北市士林區士林市場B1 佳鴻（87）,士林市場B1 佳鴻（87）
1d2ec00e-6d7b-49d8-b739-f9495d960ec1,士林區,台北市士林區士林市場B1 大頭龍（49號）,士林市場B1 大頭龍（49號）
1d8dc7c9-e425-4917-b3af-f0a618bc046a,士林區,台北市士林區士林市場-1F182號下午,士林市場-1F182號下午
1f2a389b-f4b5-417a-8c8d-3beb93f866c1,士林區,台北市士林區士林夜市-NENECHICKEN大南店,士林夜市-NENECHICKEN大南店
1facd405-374b-447e-9b91-37e7653e53b3,士林區,台北市士林區士林市場B1 日上鐵板燒,士林市場B1 日上鐵板燒
206aa56a-3ee1-456e-a5d5-46ae2dca9e35,士林區,台北市士林區士林市場B1 晶棧熱炒,士林市場B1 晶棧熱炒
20720e94-20b0-4d05-994e-1285335aaa14,士林區,台北市士林區士林夜市-Chopsticks131,士林夜市-Chopsticks131
21273a45-f23d-4d6d-bf92-b671a5e23dbc,士林區,台北市士林區士林市場１樓第 170、176 號攤/挑戰灌籃高手 丟乒乓響叮噹,士林市場１樓第 170、176 號攤/挑戰灌籃高手 丟乒乓響叮噹
2187e0cc-bc72-463d-9861-9b3332402094,士林區,台北市士林區士林夜市-恩薇爾專門店,士林夜市-恩薇爾專門店
22da59d3-f798-4d94-9dfa-a6a8ae078a12,士林區,台北市士林區士東市場 福慧藝術,士東市場 福慧藝術
23052867-b4bf-4c86-b1d9-49afdc163c0b,士林區,台北市士林區士林夜市-丞祖胡椒餅101巷大南店,士林夜市-丞祖胡椒餅101巷大南店
2463963f-7b07-4a5f-bf9f-1c72bdd1a9e0,士林區,台北市士林區士林夜市-藍斯町皮鞋,士林夜市-藍斯町皮鞋
24651c53-cf6e-4554-b068-83b2d465a72a,士林區,台北市士林區士林夜市-錢媽手工現榨金桔檸檬,士林夜市-錢媽手工現榨金桔檸檬
24ff95b3-54ac-4851-b635-d490649ed4a6,士林區,台北市士林區士林市場1F 小信信九宮格.軟木塞槍(133),士林市場1F 小信信九宮格.軟木塞槍(133)
25297a64-943c-406d-883f-fafdfff7607b,士林區,台北市士林區士林市場1F 銘發遊戲攤（1樓61.65.66號）,士林市場1F 銘發遊戲攤（1樓61.65.66號）
25a7e216-4d95-4dd9-8cc3-96f5d773ed3c,士林區,台北市士林區士東市場 213號攤,士東市場 213號攤
25d4e9ac-f354-4211-9309-f0656515cdf0,士林區,台北市士林區士林夜市-郭家蔥油餅,士林夜市-郭家蔥油餅
271b6af5-6f0f-4c39-b5d8-ba479bd881f7,士林區,台北市士林區士東市場20號 鍋料理,士東市場20號 鍋料理
27f340d2-ff76-462a-8c62-88f09cdc4269,士林區,台北市士林區士林夜市-百貨,士林夜市-百貨
290b5817-f090-4336-a8f5-f6d61bde92ea,士林區,台北市士林區韓版襪,韓版襪
29687272-eba7-4703-b64d-cef0f433ffdf,士林區,台北市士林區士林夜市-府廣商行,士林夜市-府廣商行
297d4870-3be0-43e4-8b69-dca1b761db06,士林區,台北市士林區士東市場 啊囉哈鮮果吧,士東市場 啊囉哈鮮果吧
2a2c7a28-9971-4263-9033-8e133805a477,士林區,台北市士林區士林市場-1F77號下午,士林市場-1F77號下午
2ac89698-0912-4444-8d89-9d63aa5ca085,士林區,台北市士林區學姊冰店,學姊冰店
2bccaaf5-1d7d-4e30-91dc-985980c389b6,士林區,台北市士林區士林市場1F 迷你釣蝦(225),士林市場1F 迷你釣蝦(225)
2c4c4a3a-4fdf-47e5-99ba-76ae383ddc97,士林區,台北市士林區士林市場-士林老攤鐵板燒,士林市場-士林老攤鐵板燒
2d3a86e3-3397-4e51-8699-db32f916f2c0,士林區,台北市士林區福華廣場攤販集中場第53號攤 月真豬肉攤,福華廣場攤販集中場第53號攤 月真豬肉攤
2ddf4868-33a2-4e35-b891-9c14e5607b53,士林區,台北市士林區士林市場-1F173號下午,士林市場-1F173號下午
2e157bb8-0cc9-4b44-9512-240b800595f7,士林區,台北市士林區士林市場-八禾大食館(B1F 71號),士林市場-八禾大食館(B1F 71號)
2ee45730-57f2-46f6-b05c-76f5d9775513,士林區,台北市士林區士林夜市-TONYA,士林夜市-TONYA
2f44a9ed-d15f-4a7d-8b79-b17a62d7c974,士林區,台北市士林區士東市場 阿達水果,士東市場 阿達水果
2fc5bd41-19cd-4482-bd0d-701d25be5f93,士林區,台北市士林區士林夜市-上百牛仔,士林夜市-上百牛仔
30047b09-f1e4-4c16-8248-8be9dea98f9f,士林區,台北市士林區士林市場1F 永勝茶商行(12號),士林市場1F 永勝茶商行(12號)
3005d1f0-fc2d-4d07-ac69-864fd5ba9bf9,士林區,台北市士林區士林市場-1F89號下午,士林市場-1F89號下午
30cf350d-26a2-4876-adac-5e9df1171f88,士林區,台北市士林區士林夜市-衣服,士林夜市-衣服
335d0707-7f06-4800-8bbd-66bede02b4c2,士林區,台北市士林區士林市場1F 珍品五味黑糖薑母茶(195),士林市場1F 珍品五味黑糖薑母茶(195)
3364b3e7-78ff-4839-a83c-dabd4709c1e7,士林區,台北市士林區士林夜市-西服王子1號店(大東二店),士林夜市-西服王子1號店(大東二店)
34219d12-53a6-4598-91b8-47975c621aa2,士林區,台北市士林區士東市場 215修改屋,士東市場 215修改屋
34a92d7b-0e8f-4cb6-a147-832418645640,士林區,台北市士林區士東市場 冰琍,士東市場 冰琍
34b8dea0-c841-4120-9afe-2c3d6d7530d6,士林區,台北市士林區士林夜市-轉角遇到愛,士林夜市-轉角遇到愛
34be43b5-c33f-4561-b02d-6243d05dbae1,士林區,台北市士林區士東市場 璦蜜小品,士東市場 璦蜜小品
34c7dc72-8f77-44c8-96da-900cf3a9eefd,士林區,台北市士林區士林夜市-NO.39,士林夜市-NO.39
35206709-dc11-4fa3-971b-3fe1ee5826f6,士林區,台北市士林區士東市場 士東水餃(2號),士東市場 士東水餃(2號)
36bb332a-c441-46ff-888c-22a550ac87e0,士林區,台北市士林區士林夜市-XCTRL(台北士林店),士林夜市-XCTRL(台北士林店)
36c25a27-014c-449c-b89e-16e7aa736b82,士林區,台北市士林區士東市場 萊美服飾,士東市場 萊美服飾
36d2c53d-69ad-4f51-a11d-7bf65ecad23f,士林區,台北市士林區士林夜市-歐爸熱狗,士林夜市-歐爸熱狗
36d8265b-1bef-4c2b-8aaf-8cd053e891b2,士林區,台北市士林區士東市場 客家莊_大玉園,士東市場 客家莊_大玉園
38110512-265b-4aa9-8df6-7156dc1ef34e,士林區,台北市士林區士林夜市-襪子,士林夜市-襪子
3853bb84-900d-4343-b97a-7799b0cb0e84,士林區,台北市士林區士林市場-晶棧熱炒(B1F 39號),士林市場-晶棧熱炒(B1F 39號)
386a6369-9e68-41f6-8c74-dff425015c67,士林區,台北市士林區士林夜市-綠豆沙,士林夜市-綠豆沙
3881d0a4-a856-46a9-89e6-cc0afb21f711,士林區,台北市士林區士林市場-1F179號下午,士林市場-1F179號下午
38ef2e9e-06cf-4500-bac8-0bb32c034d96,士林區,台北市士林區士林夜市-ZEDD衣服,士林夜市-ZEDD衣服
38fb64f6-68cd-4b16-9e23-9422315312d1,士林區,台北市士林區士林夜市-阿亮麵線,士林夜市-阿亮麵線
3924699b-78f2-4617-ab37-25e89e7025c0,士林區,台北市士林區安平街商圈-S-BOX士林鞋店,安平街商圈-S-BOX士林鞋店
3948e16e-6130-4362-80c3-0ddea600fdd9,士林區,台北市士林區士林夜市-飛來發彩券行(文林117號店),士林夜市-飛來發彩券行(文林117號店)
3a96d206-13f5-4048-88d8-ad479287ca04,士林區,台北市士林區士東市場 花樣百出,士東市場 花樣百出
3aa9370d-82c9-42a6-9dc4-b2aa618d20c2,士林區,台北市士林區士林夜市-阿媽蜜餞,士林夜市-阿媽蜜餞
3aba3ab2-49c4-4595-97b4-fdd23a7368d7,士林區,台北市士林區士林夜市-手機超市,士林夜市-手機超市
3bc8fb83-836f-471a-bd57-4e12d5dbd4aa,士林區,台北市士林區士東市場 士東牛肉莊,士東市場 士東牛肉莊
3be343af-bea2-4ef4-8709-b4ca58f87ff1,士林區,台北市士林區士林夜市-國王沙爹,士林夜市-國王沙爹
3cb8090c-0bd0-4ac6-9844-25dd02478316,士林區,台北市士林區士林夜市-沛女孩飾品店,士林夜市-沛女孩飾品店
3da4e662-6f4a-42de-b01a-5dc08733cf00,士林區,台北市士林區士林市場-套圈圈(1F137號下午),士林市場-套圈圈(1F137號下午)
3f02ce98-74db-4a2f-a4ab-0718866e6f0e,士林區,台北市士林區福華廣場攤販集中場第110號攤 月鳳蔬果行,福華廣場攤販集中場第110號攤 月鳳蔬果行
3f2d51b8-ea18-4f2e-a748-9155885153a7,士林區,台北市士林區士東市場 阿娟水果,士東市場 阿娟水果
3ffb0b76-9589-4b00-85db-4188cdc6d945,士林區,台北市士林區士林夜市- I called Love,士林夜市- I called Love
409a55f3-1220-4ab0-baae-3ec115b63a97,士林區,台北市士林區華榮市場-豆花,華榮市場-豆花
40ee3b46-2dd6-4d48-b9e8-d0b08a2aaf0e,士林區,台北市士林區士林夜市-柏儷鐘錶精品店,士林夜市-柏儷鐘錶精品店
41bbf484-7ccb-424b-b574-549116dce07a,士林區,台北市士林區士林夜市-日丸小舖,士林夜市-日丸小舖
4264d3d7-8031-4c84-88e9-b7d1ead2be86,士林區,台北市士林區士林市場B1 老攤鐵板燒,士林市場B1 老攤鐵板燒
4347f10c-f3eb-4b46-b9ee-65daff522212,士林區,台北市士林區士東市場 草山蔬菜,士東市場 草山蔬菜
4354f16f-3bb0-4da9-9a74-c1ab28e7bacf,士林區,台北市士林區士林夜市-美人果汁,士林夜市-美人果汁
4395ec67-9c79-4add-bb64-5ceba1f15bf2,士林區,台北市士林區士林市場-1F209號下午,士林市場-1F209號下午
4397bcf9-27ba-4735-9e78-805f4a89d738,士林區,台北市士林區士東市場 士東珠寶,士東市場 士東珠寶
43a0cece-3128-4e25-9ea3-a1caf0abb013,士林區,台北市士林區士林市場-彈珠枱(1F222號下午),士林市場-彈珠枱(1F222號下午)
448c7c96-8127-4d47-8419-e8a7a3fb2223,士林區,台北市士林區士林市場--來來發彈珠台(1F下午169號),士林市場--來來發彈珠台(1F下午169號)
45dde36f-7f44-46c9-8c45-5a4eec85fccb,士林區,台北市士林區士林夜市-士林炸鮮奶,士林夜市-士林炸鮮奶
47a4c84e-8451-4cd1-b528-d9ae65e981a4,士林區,台北市士林區士林夜市-A.H SHOP (大東店43號),士林夜市-A.H SHOP (大東店43號)
481761b4-a2d0-4c15-9593-4f17e6a30bbb,士林區,台北市士林區士林夜市-無店名魷魚羹,士林夜市-無店名魷魚羹
48e7b174-65cc-429a-8168-82f2bf08bd3d,士林區,台北市士林區士東市場 百搭精品,士東市場 百搭精品
4a031f20-11f6-47ee-b889-4c2fa40c4266,士林區,台北市士林區士東市場 草歌健康蔬果調飲,士東市場 草歌健康蔬果調飲
4abcba94-1105-44ed-acb1-997d5c67f543,士林區,台北市士林區士林夜市-美麗飾品,士林夜市-美麗飾品
4af1ca33-4d26-4842-8ed7-6c43eb0dbf68,士林區,台北市士林區士林夜市-飛來發彩券行(文林143號店),士林夜市-飛來發彩券行(文林143號店)
4bbdad46-59a1-41e0-9755-c75d72aaf0a3,士林區,台北市士林區士東市場 目鏡麵攤,士東市場 目鏡麵攤
4c633961-2d30-4c4e-ba58-0800303aed0e,士林區,台北市士林區福華廣場攤販集中場第35號攤 益昌雞鴨商行,福華廣場攤販集中場第35號攤 益昌雞鴨商行
4d50d751-f682-48ce-ab31-9b3d861a80e7,士林區,台北市士林區士林夜市-Lucy＇s飾品,士林夜市-Lucy＇s飾品
4da3dc56-eb7e-494c-98bf-b75a06a2d816,士林區,台北市士林區士林夜市-士林廟口好吃肉包,士林夜市-士林廟口好吃肉包
4e13fae7-c501-43cb-8cae-a595e6a4f3bd,士林區,台北市士林區士林夜市-野生大海螺,士林夜市-野生大海螺
50c673b9-622c-418e-a464-81f49a878b58,士林區,台北市士林區士林夜市-老士林複合式廚房,士林夜市-老士林複合式廚房
50e00a85-816a-48e1-910c-4d1b86b4ada1,士林區,台北市士林區士林夜市-珍茶道,士林夜市-珍茶道
51fbbf9b-3ff5-4b44-9e7c-3912d8e1722d,士林區,台北市士林區士東市場 波特肉品,士東市場 波特肉品
5202b003-7dbc-4c2e-99d5-0f5ad3a45d62,士林區,台北市士林區安平街商圈-星宇飾品,安平街商圈-星宇飾品
535784dc-9106-4c6d-b5d9-1d00f6183a9f,士林區,台北市士林區士林夜市-97服飾攤,士林夜市-97服飾攤
540afc6a-5e17-43b6-94b0-f85cbfbcfa91,士林區,台北市士林區士東市場 佳味燒臘,士東市場 佳味燒臘
546ba091-462c-470a-be71-bbe216dd1df0,士林區,台北市士林區士林市場-八禾大食館(B1F 68號),士林市場-八禾大食館(B1F 68號)
5484c00a-e132-4e19-a2e3-90ce41f4981a,士林區,台北市士林區士林夜市-忠誠號,士林夜市-忠誠號
553520da-b4cd-4870-8d39-813b441fcef5,士林區,台北市士林區士東市場 唯采果物,士東市場 唯采果物
554a990c-52ea-441a-a98c-d287444b8ae0,士林區,台北市士林區士東市場 哈林水果,士東市場 哈林水果
556d93fb-7f4b-4e29-8365-9eadb39fe233,士林區,台北市士林區士林夜市-Kate Space.文林71女裝,士林夜市-Kate Space.文林71女裝
5574900c-8287-4b08-9049-df8582a44dae,士林區,台北市士林區士林夜市-SHINY ISLAND,士林夜市-SHINY ISLAND
5625dfc5-52ec-4f0f-a835-ec8f300c3144,士林區,台北市士林區士林夜市-包不停帽子店,士林夜市-包不停帽子店
565725fd-cc29-41c7-948f-acf4bcb811c1,士林區,台北市士林區士林市場-230箭(1F207號下午),士林市場-230箭(1F207號下午)
5675ec2b-b0d2-4a11-88a2-53fd14df4ae6,士林區,台北市士林區士林夜市-永華童裝,士林夜市-永華童裝
56c026b6-3557-46e2-81f0-27693c7ec63c,士林區,台北市士林區士林夜市-糖葫蘆,士林夜市-糖葫蘆
575b42f2-8ec1-4755-a14e-51e80ba3e991,士林區,台北市士林區士林市場-日上鐵板燒(B1F 21號),士林市場-日上鐵板燒(B1F 21號)
577a3a50-b447-4513-bacc-674e45b2d13b,士林區,台北市士林區士林夜市-老士林蕭記碳烤玉米,士林夜市-老士林蕭記碳烤玉米
5925f442-0fee-4d10-ab52-027ca9143cb2,士林區,台北市士林區士林夜市-Cubeef火烤牛,士林夜市-Cubeef火烤牛
597a1208-0f40-431a-a991-5baa90e751cb,士林區,台北市士林區士林夜市-maoge帽子店,士林夜市-maoge帽子店
5abe951f-f111-4527-a916-5aadee71f3f1,士林區,台北市士林區士東市場 雲南小吃,士東市場 雲南小吃
5adb2dee-4db8-4064-8348-ee9ed95ce55c,士林區,台北市士林區士東市場 東益肉鬆,士東市場 東益肉鬆
5b511f3e-92d1-49aa-9862-2ec3a7fa2700,士林區,台北市士林區士林市場-1F191號下午,士林市場-1F191號下午
5b9ac032-5df0-4d3c-a735-446f4060f2ce,士林區,台北市士林區士林夜市-韓版襪,士林夜市-韓版襪
5c695bdf-69b5-44a2-880b-b968d234b83b,士林區,台北市士林區士東市場 吳記,士東市場 吳記
5cc4e6da-2ceb-483a-9151-f5993614fedf,士林區,台北市士林區士東市場 美東園,士東市場 美東園
5d511e43-3c49-4778-823a-5c6023d0f331,士林區,台北市士林區士東市場 崇德農場,士東市場 崇德農場
5db92bb1-3f42-4105-a8c0-707081011ff1,士林區,台北市士林區士林市場-T恤(1F200號下午),士林市場-T恤(1F200號下午)
5def1be3-01a3-45ed-80da-17ba6f357d54,士林區,台北市士林區福華廣場攤販集中場第109號攤 生鮮蔬菜,福華廣場攤販集中場第109號攤 生鮮蔬菜
5e1a9ad4-4c5c-46c5-9dda-223b5550b88f,士林區,台北市士林區士東市場 姊姊妹妹,士東市場 姊姊妹妹
5e1ad5d8-fb84-4185-8134-66b74a451939,士林區,台北市士林區士林夜市-童裝,士林夜市-童裝
5ea39f5c-5da1-433e-98e4-a0df3d09de7e,士林區,台北市士林區士林夜市-幸福小站起司鮮蝦蛋,士林夜市-幸福小站起司鮮蝦蛋
5f0bfa31-4058-49d4-9296-a764afedce25,士林區,台北市士林區士林夜市-廟口米粉湯,士林夜市-廟口米粉湯
5f64a2bf-51b9-4243-982e-901c47b6aff5,士林區,台北市士林區士林夜市-花藏雪,士林夜市-花藏雪
5f72cb2c-a684-4308-a71c-52373dc829f7,士林區,台北市士林區士林夜市-八芝蘭大腸包小腸,士林夜市-八芝蘭大腸包小腸
5fcb6e5c-873b-4d99-bd29-8ad1d4cac933,士林區,台北市士林區士東市場 好麵煮私房麵,士東市場 好麵煮私房麵
5ffe6e8e-7a5e-47ee-992f-470ffd98cd72,士林區,台北市士林區士林夜市-080的黎波里TRIPOLI,士林夜市-080的黎波里TRIPOLI
60265520-2987-4206-b6b9-14ae6d1e7d5b,士林區,台北市士林區士林夜市-柳橙檸檬,士林夜市-柳橙檸檬
602b4a07-b62d-4c7c-a66a-365187b8b006,士林區,台北市士林區士林夜市-士林車輪餅,士林夜市-士林車輪餅
603faa90-d388-4917-a4ef-749ced1d0f08,士林區,台北市士林區士林夜市-3C產品服飾,士林夜市-3C產品服飾
604b646e-d3aa-476b-9fd6-fb76fbec059a,士林區,台北市士林區士東市場 123水餃,士東市場 123水餃
6094a550-ad93-41da-a17e-3b219d9a09d3,士林區,台北市士林區士東市場 南北雜貨店,士東市場 南北雜貨店
60c6cdd0-bb6d-4bcd-9a60-0159fe8d21f8,士林區,台北市士林區士東市場 酷酷馬童衣鋪(232室),士東市場 酷酷馬童衣鋪(232室)
615921ca-471b-4d6c-b128-f346757ff875,士林區,台北市士林區士東市場 士東客家莊,士東市場 士東客家莊
624898be-ce84-4327-a9f8-ba1b10a035f6,士林區,台北市士林區士林夜市-Bets娛樂,士林夜市-Bets娛樂
626adc61-c2a6-48d8-a02f-f23218c1574a,士林區,台北市士林區士東市場 深坑黑毛豬,士東市場 深坑黑毛豬
626f272e-3f28-463a-bc86-24bb762fad5f,士林區,台北市士林區士林夜市-WEIWO飾品,士林夜市-WEIWO飾品
634112c0-3c4c-4234-977e-c42fcec272d1,士林區,台北市士林區士林夜市-泰式香蕉煎餅,士林夜市-泰式香蕉煎餅
64550be5-c078-4155-adf9-4b08734601fa,士林區,台北市士林區士林夜市-i平方時尚3C館(大東店),士林夜市-i平方時尚3C館(大東店)
6468288b-7c1b-46d2-bf83-975382324f9f,士林區,台北市士林區士東市場 品紀,士東市場 品紀
64b65129-2bd1-4de4-9971-abcb8b53f984,士林區,台北市士林區士東市場 大眾肉品專門店,士東市場 大眾肉品專門店
6573f82a-7d2d-47e0-a00c-e4730001b485,士林區,台北市士林區士林夜市-時間衣著坊,士林夜市-時間衣著坊
6584993a-bc7a-403b-9f20-f09ec5389cb4,士林區,台北市士林區士林夜市-SCREWCA P(47號店),士林夜市-SCREWCA P(47號店)
663b92b2-0ad4-4128-9547-34134c227b35,士林區,台北市士林區士林夜市-好好吃狀元糕,士林夜市-好好吃狀元糕
66ddc36a-904b-4180-a165-86c50432b66e,士林區,台北市士林區士東市場 瑪榭食選,士東市場 瑪榭食選
6704fc6f-7dfc-4488-894f-b3250a423832,士林區,台北市士林區士東市場 三年九班豆工廠,士東市場 三年九班豆工廠
677b42d0-cf77-4fbe-9999-602da05050fa,士林區,台北市士林區士林市場-來來麻將(1F131號下午),士林市場-來來麻將(1F131號下午)
67c4018e-9d5f-481b-ae04-bdb8879712ce,士林區,台北市士林區士林夜市-明洞韓式熱狗,士林夜市-明洞韓式熱狗
6850d52b-0fd9-47a6-83ce-3f74ce29930a,士林區,台北市士林區士林夜市-日船章魚小丸子,士林夜市-日船章魚小丸子
687e532c-7ded-4fc1-a547-137c94e301a9,士林區,台北市士林區士林市場-1F長棟21號,士林市場-1F長棟21號
68924155-97ce-41ac-8f53-932d0f0f1eb8,士林區,台北市士林區士林市場-晶棧熱炒(B1F 40號),士林市場-晶棧熱炒(B1F 40號)
68a021b4-dc9b-4434-9870-70e3d2394064,士林區,台北市士林區士林夜市-Woodstuck大南店,士林夜市-Woodstuck大南店
690788ea-3a6f-49f0-80f5-9ff3d4bc8317,士林區,台北市士林區士林夜市-XCTRL,士林夜市-XCTRL
6ad8f468-dd9f-45e9-98f8-63b381aa1f17,士林區,台北市士林區士林夜市-王家豬血糕,士林夜市-王家豬血糕
6b6dd6b7-2178-463a-9dfd-174f8bcc69a5,士林區,台北市士林區士林夜市-阿囉哈柳橙檸檬 陽明店,士林夜市-阿囉哈柳橙檸檬 陽明店
6c29a5da-663f-40fb-90f6-cc2476f07b24,士林區,台北市士林區士林夜市-口吅品麻辣臭豆腐,士林夜市-口吅品麻辣臭豆腐
6c4c84f0-e0f2-4670-8ce0-6cc72cdedd85,士林區,台北市士林區士東市場 士東雞王,士東市場 士東雞王
6d3b254c-fab2-4908-9787-165d50b2e3c4,士林區,台北市士林區士林夜市-甘蔗汁,士林夜市-甘蔗汁
6d8fdfa3-6af5-46e1-bf2f-70417605251a,士林區,台北市士林區士東市場 旗艦攤,士東市場 旗艦攤
6df7af12-b6f9-44bc-bd15-f88e0b06aba7,士林區,台北市士林區士林夜市-通訊無阻手機維修專門店,士林夜市-通訊無阻手機維修專門店
6e9c0f5c-bfa2-453e-8b56-374fcf8409ac,士林區,台北市士林區士林夜市-22 King,士林夜市-22 King
6fe7d0a5-7f8f-4bdf-9b53-9bdafd53073c,士林區,台北市士林區士林市場-八禾大食館(B1F 69號),士林市場-八禾大食館(B1F 69號)
70587ee8-15ed-417d-9d17-7b999b3c2167,士林區,台北市士林區士東市場 鍋燒麵,士東市場 鍋燒麵
705ce3e8-e00a-41d7-8bc9-a92a7646acd8,士林區,台北市士林區士林市場1F 170、176,士林市場1F 170、176
71a70cae-a9da-4962-982d-21bbb35bd531,士林區,台北市士林區士林夜市-士林小吃店,士林夜市-士林小吃店
72f542ea-c9b2-496b-89a9-7af2cbb58378,士林區,台北市士林區士林夜市-Kevinnie,士林夜市-Kevinnie
7343003e-3e0f-42c9-a94e-06712ffb8d99,士林區,台北市士林區士林市場-1F215號下午,士林市場-1F215號下午
737e94e3-8a6b-442a-8e8a-b66c7e3ad625,士林區,台北市士林區士東市場 新生活有機蔬菜,士東市場 新生活有機蔬菜
73e8ec5c-1b62-42a8-a193-b0571338a03a,士林區,台北市士林區士林市場1F 珊珊中發白麻將賓果(41),士林市場1F 珊珊中發白麻將賓果(41)
745102ba-f225-4fc8-b83b-48399dae5673,士林區,台北市士林區士林夜市-老士林蕭記燒烤肉捲,士林夜市-老士林蕭記燒烤肉捲
749fbd52-5156-429b-b8cd-c8173c9ed818,士林區,台北市士林區士林市場B1 士林極品活蝦（60號）,士林市場B1 士林極品活蝦（60號）
763ba923-b105-42a7-b46e-33ebad8cd7ab,士林區,台北市士林區士林市場-老攤鐵板燒(B1F 11號),士林市場-老攤鐵板燒(B1F 11號)
776ae690-b4ab-4f8c-9057-4a90456c3cad,士林區,台北市士林區士林夜市-小么雞鹹水雞,士林夜市-小么雞鹹水雞
77ea55c7-3cd6-463c-af32-a471a68dfcfa,士林區,台北市士林區士林市場B1 大頭龍（48號）,士林市場B1 大頭龍（48號）
780078a5-5d21-463f-9d11-820e857fa066,士林區,台北市士林區士林夜市-SNOWAVE浪花捲,士林夜市-SNOWAVE浪花捲
78fa30dc-22cf-4c88-9d44-f0cb42006dde,士林區,台北市士林區士林夜市-一品芳銅鑼燒,士林夜市-一品芳銅鑼燒
796ff3d7-813f-42fb-a314-8a721326a4f1,士林區,台北市士林區士東市場 和燁肉鬆,士東市場 和燁肉鬆
79744350-71df-427c-96d4-de4152fb70a8,士林區,台北市士林區士林夜市-Le gusta 大東店,士林夜市-Le gusta 大東店
79f5da76-2991-4d38-ae5f-ce6b29dbd22f,士林區,台北市士林區士林夜市-女裝,士林夜市-女裝
7a25be34-341f-4f5e-8f98-b878cd27c49e,士林區,台北市士林區士林夜市-小么雞鹹水雞士林店,士林夜市-小么雞鹹水雞士林店
7a4d6a5d-5bba-4929-93a9-4a7daaa46916,士林區,台北市士林區士林夜市-脆皮鯛魚燒,士林夜市-脆皮鯛魚燒
7a4e9829-353b-4684-8944-83edf2b75cf1,士林區,台北市士林區士林夜市-皮件,士林夜市-皮件
7a9e9e93-6f5b-4c8e-8cee-767bdcc6ecd1,士林區,台北市士林區士林夜市-Yawa.co,士林夜市-Yawa.co
7b8009b9-32fa-4ada-90e8-62649752d68c,士林區,台北市士林區士林夜市-士林夜市商圈5號玩具,士林夜市-士林夜市商圈5號玩具
7bb82af1-f209-4b26-8af8-ab55368eade6,士林區,台北市士林區士林市場1F 金龍遊戲（146號下午）,士林市場1F 金龍遊戲（146號下午）
7c59215b-5fd4-422a-8cfe-e54b37411cf8,士林區,台北市士林區福華廣場攤販集中場第98號攤 客家鹹豬肉,福華廣場攤販集中場第98號攤 客家鹹豬肉
7c6d09f9-8e7a-4f95-a14e-109f7c503412,士林區,台北市士林區士林市場1F 十號書坊(10),士林市場1F 十號書坊(10)
7c906db5-b5bd-45e0-adb0-5a2dc5c59397,士林區,台北市士林區士林夜市-飛來發足體按摩館(文林159號店),士林夜市-飛來發足體按摩館(文林159號店)
7d4a71eb-ce38-47e8-bc69-0c580d54e781,士林區,台北市士林區士東市場 唐媽媽的廚房,士東市場 唐媽媽的廚房
7d8d0abd-9625-4445-9e3b-d1d7b676fa5f,士林區,台北市士林區士林夜市-年青人眼鏡,士林夜市-年青人眼鏡
7e838ce8-25b4-422c-aa85-48d6c5114875,士林區,台北市士林區安平街商圈-City boy男女服飾,安平街商圈-City boy男女服飾
7f8fff59-c88e-4f4c-a446-86f1b205536e,士林區,台北市士林區士東市場 振樂堂,士東市場 振樂堂
7fc5da41-3992-489b-8d13-ef7b67eddae2,士林區,台北市士林區士林夜市-菜更香蒙古烤肉,士林夜市-菜更香蒙古烤肉
8035e3bb-6b32-42b7-be2b-187f1f66eef5,士林區,台北市士林區士東市場 欣欣海鮮,士東市場 欣欣海鮮
80a87edc-7bc4-4fcb-8478-f1994605e6b7,士林區,台北市士林區士林市場-來來麻將(1F135號下午),士林市場-來來麻將(1F135號下午)
80abe9c4-7b55-4623-88bc-f6697e3d0426,士林區,台北市士林區士東市場 101雜貨小舖,士東市場 101雜貨小舖
81649467-6b8d-4f05-a969-72d57473077f,士林區,台北市士林區福華廣場攤販集中場第92號攤 番王甜不辣,福華廣場攤販集中場第92號攤 番王甜不辣
81760801-fa09-4b2a-b13e-ba90a9389dc1,士林區,台北市士林區士林夜市-SCREWCAP (50號店),士林夜市-SCREWCAP (50號店)
827d0561-1cd3-498f-95b8-0c3869bb027d,士林區,台北市士林區士林市場-無骨鳳爪(1F下午223號),士林市場-無骨鳳爪(1F下午223號)
83a864b0-b3f8-4717-bb48-75ea7337b0cd,士林區,台北市士林區士林夜市-王子起士文林店,士林夜市-王子起士文林店
84022fff-d340-40b9-989d-2ad4847c6a97,士林區,台北市士林區士林夜市-等等燒,士林夜市-等等燒
84b2ec34-b92e-47be-83fb-435eea2329a6,士林區,台北市士林區士林夜市-金山手工藝坊,士林夜市-金山手工藝坊
84f5cbd7-3a5d-43d1-8243-9ab2152e3d0b,士林區,台北市士林區士東市場 JJDER53,士東市場 JJDER53
8538ff50-efa0-4936-9391-3896155bf771,士林區,台北市士林區士林夜市-士林邱家美食,士林夜市-士林邱家美食
85ff045d-7383-4374-8681-98aa0cf410fb,士林區,台北市士林區士林夜市-亞米亞米仙草奶凍,士林夜市-亞米亞米仙草奶凍
86ad5fae-ac9b-413c-beab-976769120aaf,士林區,台北市士林區士林夜市-年青人眼鏡-士林夜市店,士林夜市-年青人眼鏡-士林夜市店
86cc1e72-3dab-4f46-8b7e-2f71119a8023,士林區,台北市士林區士東市場 黃毅峯即黃毅峯,士東市場 黃毅峯即黃毅峯
87b22a60-450e-4503-a27b-cd0f079896fd,士林區,台北市士林區士東市場 一品夫人精品,士東市場 一品夫人精品
88044503-435a-41cb-a95e-ab7da885112a,士林區,台北市士林區安平街商圈-鐵布衫服飾坊,安平街商圈-鐵布衫服飾坊
8852ebe2-9414-4811-acfa-6dbcb960dbf3,士林區,台北市士林區士林夜市-簡木瓜牛奶,士林夜市-簡木瓜牛奶
88a4e6ef-c315-48de-bbe1-4ddc403d8646,士林區,台北市士林區士林市場-1F下午92號,士林市場-1F下午92號
89477b41-ff41-4541-b434-fcb9227d8c46,士林區,台北市士林區士東市場 D shop,士東市場 D shop
894796c5-e78a-4811-af26-6cfcf8196eb2,士林區,台北市士林區士林市場-日上鐵板燒(B1F 24號),士林市場-日上鐵板燒(B1F 24號)
89704c52-7312-4686-90cd-ae4b260935fc,士林區,台北市士林區士林夜市-BINGO冰果,士林夜市-BINGO冰果
89a0c7b8-0da5-4b10-a052-5a3da945c278,士林區,台北市士林區士林夜市-木瓜牛奶,士林夜市-木瓜牛奶
89b9d8f5-f913-4353-a9af-d561b8e7bd8e,士林區,台北市士林區士林夜市-珍鮮海皇螺,士林夜市-珍鮮海皇螺
89c2e5ca-0e07-49e4-a484-ee731f3e9935,士林區,台北市士林區士林夜市-新記手工煎餃,士林夜市-新記手工煎餃
89dcf7c0-38f9-4609-911f-ca39af9ad088,士林區,台北市士林區士林夜市-Le gusta 大南店,士林夜市-Le gusta 大南店
8a07abc9-0b06-4472-a0aa-d7a8d0bf51bc,士林區,台北市士林區士林市場-大氣球(1F104號下午),士林市場-大氣球(1F104號下午)
8a1d0cac-c806-4635-b0e6-f01b2f485b34,士林區,台北市士林區士東市場 阿展雜貨店,士東市場 阿展雜貨店
8b251afc-06c3-4001-968d-052481608d8a,士林區,台北市士林區士東市場 伊媚兒衣櫃,士東市場 伊媚兒衣櫃
8b85fcc9-8d89-47a9-a7ce-9b282acfb843,士林區,台北市士林區士東市場 小林蔬菜,士東市場 小林蔬菜
8bd37954-7425-456f-8162-782ae82674c1,士林區,台北市士林區士東市場 福德興,士東市場 福德興
8c45e1b1-3974-47f6-bd3d-456b5184bd42,士林區,台北市士林區士林夜市-Dream1009手機殼,士林夜市-Dream1009手機殼
8d0a353b-a4d2-4caa-bcb6-a72797361a0e,士林區,台北市士林區士林夜市-士林9002鞋店(精緻皮鞋),士林夜市-士林9002鞋店(精緻皮鞋)
8ddce62b-a8d2-475d-9c9f-2c4708f2c9bf,士林區,台北市士林區士東市場 雪福早午餐,士東市場 雪福早午餐
8de16168-d83e-4aa6-b9d9-ec04e6b111da,士林區,台北市士林區士林夜市-好吸HITS THE SPOT(士林大南店）,士林夜市-好吸HITS THE SPOT(士林大南店）
8e80df62-15d6-41a1-a9cd-a44b0a38e8e3,士林區,台北市士林區士東市場 阿美海鮮,士東市場 阿美海鮮
8ed29831-1c25-47f9-a1ae-216b2934b7cd,士林區,台北市士林區士林夜市-爆燒骰子牛,士林夜市-爆燒骰子牛
9042d7c0-537f-4e16-86cc-4f16a6e37a98,士林區,台北市士林區士林夜市-一條貓貓燒XOUBEILUANDA(雞蛋糕X貼紙),士林夜市-一條貓貓燒XOUBEILUANDA(雞蛋糕X貼紙)
90cd7850-1521-4cb1-be15-8988b51b9e11,士林區,台北市士林區士林夜市-Sharon bag,士林夜市-Sharon bag
911077b0-0418-4d3c-b669-9edcfa00c88c,士林區,台北市士林區士林夜市-皮件,士林夜市-皮件
915c922e-3021-45b6-a9b7-c491fb13c88a,士林區,台北市士林區士林夜市-日式章魚燒,士林夜市-日式章魚燒
91d1eaab-3eab-4c11-a019-68cb74c10297,士林區,台北市士林區士東市場 蔬沛,士東市場 蔬沛
92589132-fb7b-4a88-be7e-228c9f8dc5dc,士林區,台北市士林區士林夜市-蔣記菓舖,士林夜市-蔣記菓舖
92c128d8-dd25-423a-98f7-fef1c3897e1f,士林區,台北市士林區士林夜市-好難匯鹹水雞士林店,士林夜市-好難匯鹹水雞士林店
9389d063-2b7d-4f8e-ac62-00132c5862e1,士林區,台北市士林區士林夜市-Sharp Girl,士林夜市-Sharp Girl
94f2e4ef-8be5-42b8-a2cb-fdfb2882fadd,士林區,台北市士林區士東市場 菲萱,士東市場 菲萱
950a0b76-cfb3-4d7e-b7d2-536605716ee3,士林區,台北市士林區士林夜市-王家豬血糕,士林夜市-王家豬血糕
95e41987-b0fc-4af9-95e4-119c789ffd8a,士林區,台北市士林區士林夜市-阿囉哈柳橙檸檬,士林夜市-阿囉哈柳橙檸檬
961ee251-dd93-46fd-9bdd-0a40c0af5bf5,士林區,台北市士林區士林夜市-焦糖公園,士林夜市-焦糖公園
9660d07e-378a-4a72-aed3-fd9074d50682,士林區,台北市士林區士林夜市-2PM帽子專賣店,士林夜市-2PM帽子專賣店
96b4c1fa-c4a4-45f2-b0fe-7a868950fb18,士林區,台北市士林區士東市場 金泉泰,士東市場 金泉泰
977ba777-adbc-4ade-9f79-2b5cab7a6b4b,士林區,台北市士林區士林夜市-Nice nine,士林夜市-Nice nine
977ccd35-03d1-46ec-b613-4746efe486be,士林區,台北市士林區士林夜市-福州世祖胡椒餅,士林夜市-福州世祖胡椒餅
97a0ecad-29ca-4131-81ba-16f01748a0a0,士林區,台北市士林區士東市場 白宮精品,士東市場 白宮精品
97fe6f25-4853-4fbc-832a-3c129576ca60,士林區,台北市士林區士林夜市-Hi Teresa,士林夜市-Hi Teresa
986d0f59-5bc0-475a-b00c-ee60b842c19e,士林區,台北市士林區士東市場 攤童家饅頭(51號),士東市場 攤童家饅頭(51號)
98774ba6-ebba-4b1a-96ef-7c76a1632ece,士林區,台北市士林區士林夜市-寒天Q棒,士林夜市-寒天Q棒
998429b5-81fe-49cb-8b19-cae4188db09c,士林區,台北市士林區士林市場-1F122號下午,士林市場-1F122號下午
9aad9804-9cd8-4caa-a527-188a069f4371,士林區,台北市士林區士林市場1F 震撼教育（213號下午攤）,士林市場1F 震撼教育（213號下午攤）
9b1a9f77-35f7-4ed3-b033-796328ebbc40,士林區,台北市士林區士林夜市-可麗餅,士林夜市-可麗餅
9c10d7ca-34f7-4cc9-bc76-1cb237ad9c35,士林區,台北市士林區安平街商圈-mimi兔,安平街商圈-mimi兔
9c448b05-574e-4038-b89a-5586a2457c75,士林區,台北市士林區士東市場 喬妹小蕃茄水果舖,士東市場 喬妹小蕃茄水果舖
9c6d0e7c-9ea6-416b-ae70-d5960f15026a,士林區,台北市士林區士林夜市-霸王鳥蛋,士林夜市-霸王鳥蛋
9c8d9921-c982-4981-8f82-734c0cbd9b3f,士林區,台北市士林區士東市場 菱角伯,士東市場 菱角伯
9cc7e883-463d-4bad-9213-1bda0043bebf,士林區,台北市士林區福華廣場攤販集中場第65號攤 生鮮魚介,福華廣場攤販集中場第65號攤 生鮮魚介
9dc94b22-d8e0-41ce-b03a-d085ddf528c2,士林區,台北市士林區士林市場1F 仕林貼紙(151),士林市場1F 仕林貼紙(151)
9dcc0d8c-83ec-4e96-a756-fa12a774c00a,士林區,台北市士林區士林夜市-安平街商圈-辛發亭,士林夜市-安平街商圈-辛發亭
9df8e756-0426-451a-b23b-7db172004955,士林區,台北市士林區士林夜市-王記青蛙下蛋,士林夜市-王記青蛙下蛋
9e0f7e9a-fb9e-407a-9d8f-7fbff5d66eb2,士林區,台北市士林區士林夜市-Funso,士林夜市-Funso
9ea35aad-b013-400f-a9f9-eab8d4bf4621,士林區,台北市士林區士林夜市-小慧飾品,士林夜市-小慧飾品
9ebecf99-d644-410c-873f-b71ad5434ff8,士林區,台北市士林區士東市場 妙妙精品,士東市場 妙妙精品
9ed4bf8f-b057-4fb7-926f-db6164582a3c,士林區,台北市士林區士東市場 天母大頭鵝,士東市場 天母大頭鵝
a06372b1-1e23-4e2c-9cae-7b6aeee43752,士林區,台北市士林區士林夜市-士林大香腸,士林夜市-士林大香腸
a14dbe3c-e5c9-4886-889b-d7d261cf911c,士林區,台北市士林區士林市場-八禾大食館(B1F 67號),士林市場-八禾大食館(B1F 67號)
a1b11955-b124-432e-86b0-bce958ceb676,士林區,台北市士林區士東市場 招明海鮮,士東市場 招明海鮮
a1ed48c2-737a-45fe-a303-798b7e226327,士林區,台北市士林區士林市場-1F下午218號,士林市場-1F下午218號
a28f9e6c-e1fd-4259-9e55-6144329cba34,士林區,台北市士林區士林夜市-萊爾富士大店,士林夜市-萊爾富士大店
a2e69d5f-6475-466e-b2ad-7fd2c89765a7,士林區,台北市士林區士東市場 四季人情咖啡,士東市場 四季人情咖啡
a38e050c-f027-4192-a9b3-38c9ea4a3e0f,士林區,台北市士林區福華廣場攤販集中場第84號攤 飾品,福華廣場攤販集中場第84號攤 飾品
a3bf3da2-c963-41fc-88a0-eeafca5bc178,士林區,台北市士林區士林夜市-Mina女裝,士林夜市-Mina女裝
a4016fae-e9fd-459c-b224-9e083bc87a89,士林區,台北市士林區士東市場 大衛修鞋小鋪,士東市場 大衛修鞋小鋪
a40972aa-d11b-4184-91b9-7fec4fd2ea85,士林區,台北市士林區士東市場 士東花坊,士東市場 士東花坊
a4d84aa9-9194-451d-ac32-3441277499d9,士林區,台北市士林區華榮街攤販集中場-泰式料理,華榮街攤販集中場-泰式料理
a767c292-a1de-486f-a533-5399f4658019,士林區,台北市士林區士林夜市-西服王子1號店(大東本店),士林夜市-西服王子1號店(大東本店)
a784f7cf-213e-466e-a9c5-f1973d52c2b4,士林區,台北市士林區士林夜市-蜜酥雞排,士林夜市-蜜酥雞排
a7eefbb7-94b4-43ba-8ba2-5006913648aa,士林區,台北市士林區士林市場-八禾大食館(B1F 70號),士林市場-八禾大食館(B1F 70號)
a85ee0e2-6c0b-4716-9e59-45d46c0f1e23,士林區,台北市士林區士東市場 韓真味,士東市場 韓真味
a87203e3-599f-49fe-b10a-e891a63ba1fd,士林區,台北市士林區士林夜市-飛來發足體按摩館(文林143號店),士林夜市-飛來發足體按摩館(文林143號店)
a8ca4d64-d262-480e-97ea-562ceb4327c6,士林區,台北市士林區士林市場-飛鏢(1F205.207號下午),士林市場-飛鏢(1F205.207號下午)
a97c73ce-5137-4e4f-9bac-e63520f9d6d8,士林區,台北市士林區士林夜市-浩克甜品店,士林夜市-浩克甜品店
a9b24476-7814-40e1-83ed-d4640792667f,士林區,台北市士林區士林夜市-Pong.33_shlilin,士林夜市-Pong.33_shlilin
a9ea7987-3eba-49b3-b061-380f2d69ddbc,士林區,台北市士林區士東市場 東益肉鬆,士東市場 東益肉鬆
aa9b583c-44db-4c71-bb8e-46fe81818ec0,士林區,台北市士林區士東市場 春興海鮮,士東市場 春興海鮮
aaa41f3a-7238-41b5-8272-6d33311013df,士林區,台北市士林區士林市場B1 大頭龍（50號）,士林市場B1 大頭龍（50號）
ab2a3ed9-99ab-4fcc-b5c1-95a0277a893b,士林區,台北市士林區士林夜市-BB槍,士林夜市-BB槍
ab9d137c-591a-4043-ae02-dc969f74976f,士林區,台北市士林區士林夜市-大溪名產沙茶滷味,士林夜市-大溪名產沙茶滷味
abcb5595-d0a6-4f72-8654-d1c2e2e938ef,士林區,台北市士林區士林夜市-Sammi小舖,士林夜市-Sammi小舖
abebe098-6d77-45eb-86ed-1732a5324228,士林區,台北市士林區士林市場B1 阿婆之家,士林市場B1 阿婆之家
ae727125-f4a7-4038-9158-5c4b0c82d909,士林區,台北市士林區士東市場 九九魚舖,士東市場 九九魚舖
ae810879-c42b-4656-936f-e2fde6c3b197,士林區,台北市士林區士林夜市-What義式,士林夜市-What義式
ae8ae956-0233-4542-a5e1-93ff1ed4e33e,士林區,台北市士林區士林夜市-彰化肉圓,士林夜市-彰化肉圓
af54e7db-2d72-43af-8fd4-ae21f911c8a5,士林區,台北市士林區士東市場 采縈小舖,士東市場 采縈小舖
af85b01d-0fd8-415d-94be-6eb7c9fe4278,士林區,台北市士林區士東市場 志成肉品專賣店,士東市場 志成肉品專賣店
afae81e3-8969-4343-b9c6-e3b05bb6b903,士林區,台北市士林區士東市場 郭記鯊魚煙,士東市場 郭記鯊魚煙
affbd62b-8803-4ffe-a7d2-ad15d9964c37,士林區,台北市士林區士林夜市-士林町旅店,士林夜市-士林町旅店
b02ef355-fef4-4203-8a93-053941c7987f,士林區,台北市士林區士林市場1F 暮色茶坊(19),士林市場1F 暮色茶坊(19)
b07bbc76-3357-4877-b7f8-733e23fe14d0,士林區,台北市士林區士林夜市-學姊冰店,士林夜市-學姊冰店
b0c450c5-4dcd-459b-b047-a2c77a93d9de,士林區,台北市士林區士林夜市-微笑小姐Ms.Smile,士林夜市-微笑小姐Ms.Smile
b0d07af4-39c0-43cb-8da5-40b8c4a3cc31,士林區,台北市士林區士東市場 陳家燒臘,士東市場 陳家燒臘
b0ff4a48-3357-4199-9535-a0a98bbd0aee,士林區,台北市士林區士林夜市-浩克甜品店,士林夜市-浩克甜品店
b12f8da3-a3d0-4c4f-9ee4-7c4bebcfda28,士林區,台北市士林區士林夜市-冠大腸包小腸(大南),士林夜市-冠大腸包小腸(大南)
b427497b-8123-4a19-ae91-bc48f27daecb,士林區,台北市士林區士東市場 梅の屋水果舖,士東市場 梅の屋水果舖
b498d77c-c905-4b2a-a5ba-4e34f2abf4d0,士林區,台北市士林區士東市場 品紀,士東市場 品紀
b5bddf2b-3deb-4e42-b785-6fcd9d3c00b9,士林區,台北市士林區士林市場-投籃球(1F24號下午),士林市場-投籃球(1F24號下午)
b5e3f20b-686b-4c00-94eb-146948c8e1a4,士林區,台北市士林區士林夜市-L & U 妤妤服飾行,士林夜市-L & U 妤妤服飾行
b5fd44a4-0e71-4c2e-bb65-1eec4255e22e,士林區,台北市士林區士東市場 阿卿熟食,士東市場 阿卿熟食
b67d1ff9-1735-41ec-90ed-fbdce8608148,士林區,台北市士林區士林夜市-家湘涼麵,士林夜市-家湘涼麵
b6f87512-8ec1-41f0-811d-86118c354911,士林區,台北市士林區士林夜市-耳飾,士林夜市-耳飾
b74229a2-9ae8-43c6-9e22-8b012eac5bc6,士林區,台北市士林區士林夜市-鐵漢柔情鋁線折字,士林夜市-鐵漢柔情鋁線折字
b8f2c949-d631-4c67-b907-4f342d0fda8d,士林區,台北市士林區士林夜市-輝東石鮮蚵,士林夜市-輝東石鮮蚵
ba6500b1-c8b9-4e52-9991-101ba2d112c9,士林區,台北市士林區士林夜市-士林超大顆射氣球,士林夜市-士林超大顆射氣球
ba95484c-bccf-4b9c-ba10-e4bb663d7dcd,士林區,台北市士林區士林夜市-王子起士大南店,士林夜市-王子起士大南店
bc0112a6-e266-4a12-b47d-588fafbe89d8,士林區,台北市士林區士東市場 靜好堂,士東市場 靜好堂
bcbf40be-3dbb-4f16-be74-8dfb5456d966,士林區,台北市士林區士林夜市-丞祖胡椒餅,士林夜市-丞祖胡椒餅
be6181a8-cce0-4794-a8af-9bfb77583b46,士林區,台北市士林區士林市場1F 士林射氣球(158),士林市場1F 士林射氣球(158)
beeccc84-f6a0-400e-bf14-f8f4d875c674,士林區,台北市士林區士林市場-1F163號下午,士林市場-1F163號下午
bf15a598-d635-4df8-b908-4f420f6c2014,士林區,台北市士林區士林夜市-文林71-凱特衣櫥,士林夜市-文林71-凱特衣櫥
bfc3f523-fb64-41be-bb0a-28991d77ba87,士林區,台北市士林區士林夜市-朱記廣式腸粉,士林夜市-朱記廣式腸粉
c0c8d4b6-0e9d-4068-bd2c-569908946f99,士林區,台北市士林區士東市場 金泉泰,士東市場 金泉泰
c189b7a3-0b6a-42f6-8ff7-9a785077851f,士林區,台北市士林區士林市場-遊戲王國BB槍,士林市場-遊戲王國BB槍
c2d6ceb4-a95f-4457-abbd-5521713759f0,士林區,台北市士林區士東市場 基隆鮮魚(103號),士東市場 基隆鮮魚(103號)
c31d417d-72c9-41e7-8b52-81346591b714,士林區,台北市士林區士林夜市-士林帽店,士林夜市-士林帽店
c3df20b6-a8b9-425c-b8ac-1fb9d273231a,士林區,台北市士林區士林夜市-JJ Ding Crystal,士林夜市-JJ Ding Crystal
c5ee82b8-852c-4a3a-9ced-a63318ca207d,士林區,台北市士林區士林市場-麻將賓果(1F214號下午),士林市場-麻將賓果(1F214號下午)
c6019506-b4ec-40d3-bc8c-6d9ee66f5c91,士林區,台北市士林區士東市場 Café 43,士東市場 Café 43
c67949a4-96f3-4193-9183-a95306f6d063,士林區,台北市士林區士林夜市-依姿邁服飾店,士林夜市-依姿邁服飾店
c72cd8fa-c71f-4d65-8027-bf2b40643918,士林區,台北市士林區士林夜市-阿模豆花,士林夜市-阿模豆花
c779e391-876a-488d-9253-c3467db3e832,士林區,台北市士林區士林夜市-飲食,士林夜市-飲食
c7932822-c51c-4af5-a459-8bf2a1aeb401,士林區,台北市士林區福華廣場攤販集中場第37號攤 生鮮魚介,福華廣場攤販集中場第37號攤 生鮮魚介
c894437e-ab4f-4ed1-99d9-b723e1ac389e,士林區,台北市士林區士林夜市-飛來發足體按摩館(文林82號店),士林夜市-飛來發足體按摩館(文林82號店)
c8eea745-dfdd-4a0e-a462-3c474bddcf89,士林區,台北市士林區士林市場B1 阿忠冰店（51號）,士林市場B1 阿忠冰店（51號）
c9ca2b9f-1b52-4a6e-b4a7-5bd1e0b84dd7,士林區,台北市士林區士林夜市-美式熱狗堡,士林夜市-美式熱狗堡
ca68cdb1-55db-4894-9fa8-d387cbc37b25,士林區,台北市士林區士林夜市-日本剪刀式脆皮雞蛋糕,士林夜市-日本剪刀式脆皮雞蛋糕
ca90f150-a46f-4d13-9d56-1a43d6a87d3c,士林區,台北市士林區士林夜市-果汁灘,士林夜市-果汁灘
cb25118f-df58-4a96-befc-8789bdb554d5,士林區,台北市士林區士林市場-晶棧熱炒(B1F 42號),士林市場-晶棧熱炒(B1F 42號)
cbead756-5b65-4971-bd59-cf3c2a2bffff,士林區,台北市士林區士林夜市-胖哥遊戲攤,士林夜市-胖哥遊戲攤
cc7e1a2d-2421-4218-bcc0-4732cfe99af9,士林區,台北市士林區士林市場-大氣球(1F98號下午),士林市場-大氣球(1F98號下午)
cc9eb54c-6db8-43d6-93f3-54d15e502865,士林區,台北市士林區士林夜市-A.H SHOP (大東店32號),士林夜市-A.H SHOP (大東店32號)
cda9242c-6aa8-4a2d-80cb-ab9b778b82c4,士林區,台北市士林區士林夜市-飛來發足體按摩館(大南2號店),士林夜市-飛來發足體按摩館(大南2號店)
cddfabb0-ea51-4d2c-bacb-6c1ebf69049e,士林區,台北市士林區士林夜市-哈特艾登雞蛋糕,士林夜市-哈特艾登雞蛋糕
ce060fcf-4bb7-4b71-8ffa-552711a10e9f,士林區,台北市士林區士林市場1F31號下午,士林市場1F31號下午
cf5ba093-d7ac-4fb5-9e47-b49a655e62e6,士林區,台北市士林區士林夜市-衫時飾號,士林夜市-衫時飾號
cf75643f-e732-444a-8700-68d65521bdb5,士林區,台北市士林區士林夜市-潮流服飾,士林夜市-潮流服飾
cf903b52-4823-4cf3-9eef-2160a59188d8,士林區,台北市士林區士東市場 曉平家常小吃(237號),士東市場 曉平家常小吃(237號)
cff0594e-b9cd-4489-95a7-3323600d77ea,士林區,台北市士林區士林市場-日上鐵板燒(B1F 22號),士林市場-日上鐵板燒(B1F 22號)
d0c54925-4cc6-4ec5-aac3-7987f233ce8b,士林區,台北市士林區士東市場 信德製麵店,士東市場 信德製麵店
d1c085bd-a166-40f0-8b72-d2f8bc6c80bc,士林區,台北市士林區士林夜市-士林廟口壹咖啡店,士林夜市-士林廟口壹咖啡店
d1fb6eac-5dc1-4e86-8b96-1839536169df,士林區,台北市士林區士林夜市-魚池貳壹,士林夜市-魚池貳壹
d24f33a0-742d-48f1-bb12-6b0b2aa1227c,士林區,台北市士林區士東市場 高榮食品行-牛嫂肉舖,士東市場 高榮食品行-牛嫂肉舖
d24f756f-7a8d-49b5-8d34-1713156258ca,士林區,台北市士林區士林夜市-樂樂精品屋,士林夜市-樂樂精品屋
d2f25216-ac7b-46e9-ba56-cc0fee2f7210,士林區,台北市士林區士林市場-鴻運姓名學,士林市場-鴻運姓名學
d3328380-e078-45a3-99e5-3eded9c594a2,士林區,台北市士林區士東市場 21號攤,士東市場 21號攤
d3b953d5-3a75-46d6-9bb2-7f57fe45df86,士林區,台北市士林區士林夜市-AH CHOO 服飾,士林夜市-AH CHOO 服飾
d3d53f0b-184d-4332-b632-ff16b546b107,士林區,台北市士林區士東市場 貪杯咖啡,士東市場 貪杯咖啡
d530c4ee-c000-4f93-8b15-0d969ccff67b,士林區,台北市士林區士東市場 臻寶鐘錶名店,士東市場 臻寶鐘錶名店
d55bf502-3923-4f66-a71a-2b98ce7b0a5b,士林區,台北市士林區士林夜市-飛來發足體按摩館(文林121號店),士林夜市-飛來發足體按摩館(文林121號店)
d569ef04-7671-41a0-81a4-c34cfe99d6b8,士林區,台北市士林區士林夜市-123涼麵亭,士林夜市-123涼麵亭
d593d514-2515-400a-8818-14a6b70b843e,士林區,台北市士林區士林夜市-口口口品士林文林店,士林夜市-口口口品士林文林店
d5dee274-4e27-4b11-a792-d274b4c86f33,士林區,台北市士林區士林夜市-123涼麵亭,士林夜市-123涼麵亭
d64b981f-cd2a-4b3d-9a70-3a74376c7cb1,士林區,台北市士林區士林夜市-台灣涼茶,士林夜市-台灣涼茶
d6c5bb3a-3eb7-4944-a784-b7a9692e5b14,士林區,台北市士林區士林夜市-麻辣魚蛋（基河）,士林夜市-麻辣魚蛋（基河）
d709d727-23e0-430b-a3e8-13440bc7dd8b,士林區,台北市士林區士林夜市-士林鄭串燒臭豆腐,士林夜市-士林鄭串燒臭豆腐
d74a00e5-8c92-4a50-be74-23b48316ae9f,士林區,台北市士林區士林夜市-小皇地瓜球,士林夜市-小皇地瓜球
d7a1fba5-5dc0-4ef6-b975-c6d32687ad5e,士林區,台北市士林區士林夜市-老士林碳烤玉米,士林夜市-老士林碳烤玉米
d7d43080-e59c-49bd-a3f0-f0f37ab1ae3e,士林區,台北市士林區士林市場-柚來玩(1F20號下午),士林市場-柚來玩(1F20號下午)
d7faf399-eb05-4d95-b07f-b4fd19e7d4b3,士林區,台北市士林區士東市場 MDHJ,士東市場 MDHJ
d7fed6fc-7151-43e1-a7a6-daa9348c2311,士林區,台北市士林區士林夜市-王記養身小農蜂蜜,士林夜市-王記養身小農蜂蜜
d84267b6-fb12-4673-9c7c-342b7cb4cd08,士林區,台北市士林區士東市場 楊豆工坊,士東市場 楊豆工坊
d8651a0b-2a88-4f5f-8c7e-bc4832af5283,士林區,台北市士林區士林夜市-木瓜牛奶,士林夜市-木瓜牛奶
d87c6208-3719-4feb-acb3-f320f811a0b0,士林區,台北市士林區士林夜市-轉角服飾,士林夜市-轉角服飾
d900cd90-d43d-4a7a-b9ae-a94d3cdaad59,士林區,台北市士林區士東市場 吳秋霞即吳秋霞,士東市場 吳秋霞即吳秋霞
d9427591-f952-477a-8870-6f585d2d18cc,士林區,台北市士林區士林夜市-麻辣魚蛋(大南),士林夜市-麻辣魚蛋(大南)
d9e27d15-6b99-4ae8-ae3d-66425ec9b28d,士林區,台北市士林區士林夜市-金鈴假髮,士林夜市-金鈴假髮
d9fe3e7c-21b9-42d4-acbb-5ccb0c7f4c51,士林區,台北市士林區士林夜市-冠大腸包小腸,士林夜市-冠大腸包小腸
da7a290b-19d5-4736-be90-c2d95816e5a3,士林區,台北市士林區士東市場 四行倉庫,士東市場 四行倉庫
dbc2c2db-71f8-412a-bd20-cb14cbf6a643,士林區,台北市士林區士林夜市-WOW精品女鞋,士林夜市-WOW精品女鞋
dc116b7f-4664-4bea-8b92-026736f556af,士林區,台北市士林區士林市場-1F219號下午,士林市場-1F219號下午
dd5bdb70-33eb-45f8-9aa9-f7e3901a3520,士林區,台北市士林區士東市場 士東肉砧,士東市場 士東肉砧
dd674e09-a38c-4bc2-98d0-54d200246e58,士林區,台北市士林區士林夜市-士林阿輝麵線,士林夜市-士林阿輝麵線
dd67563b-1c52-44fd-9f4b-9d14a9fdf35d,士林區,台北市士林區士林市場-341牛排(B1F 77號),士林市場-341牛排(B1F 77號)
dd7ba670-0551-4e7e-88b8-4b206af1df71,士林區,台北市士林區福華廣場攤販集中場第47號攤 生鮮蔬菜,福華廣場攤販集中場第47號攤 生鮮蔬菜
dee1a522-9787-4aaf-8454-a00a0aab8db3,士林區,台北市士林區士林夜市-眼鏡,士林夜市-眼鏡
df4807d5-998e-4f26-b327-a18a1fa7b649,士林區,台北市士林區士東市場 享宴麫疙瘩,士東市場 享宴麫疙瘩
dfada7c3-413d-4a1c-9557-83c6e7378795,士林區,台北市士林區士林夜市-Amigo 3C配件,士林夜市-Amigo 3C配件
dfeb31cd-45d9-46c0-8359-ae1a95c57150,士林區,台北市士林區士東市場 莊媽媽傳統豆花,士東市場 莊媽媽傳統豆花
dffc79a6-9548-4c16-9bf4-1e37c0239828,士林區,台北市士林區士林夜市-大統大牛排,士林夜市-大統大牛排
e0807501-73f6-46e2-ac71-612afabf9e3b,士林區,台北市士林區士林市場B1 佳鴻（88）,士林市場B1 佳鴻（88）
e0d45395-6939-4749-98ea-90b1b9bf2285,士林區,台北市士林區士林市場-1F33號下午,士林市場-1F33號下午
e13f1ba8-d561-4de5-ab69-80803b33c7be,士林區,台北市士林區士東市場 2樓189號,士東市場 2樓189號
e1a282b3-2591-44c3-81b8-56c12cab9efa,士林區,台北市士林區士東市場 122號攤,士東市場 122號攤
e290eb5d-4b5f-42cc-a337-545e595cf88a,士林區,台北市士林區士林市場B1 341牛排,士林市場B1 341牛排
e2a02d8b-76d8-412f-95aa-42cfc57718bd,士林區,台北市士林區士林市場-大氣球,士林市場-大氣球
e2c5413d-612d-4a6d-ac86-afc1da25f423,士林區,台北市士林區華榮街攤販集中場-幸褔關東煮烏龍麵,華榮街攤販集中場-幸褔關東煮烏龍麵
e3849300-8006-4581-822e-3cf3c95a2612,士林區,台北市士林區士東市場 珍食244,士東市場 珍食244
e41b3ec0-5a13-4ced-989d-f5af5cbd1821,士林區,台北市士林區士東市場 萱淮商行,士東市場 萱淮商行
e4e4d1a4-904a-4922-aeb6-bf3f65f622e1,士林區,台北市士林區士東市場 吉品軒,士東市場 吉品軒
e6463910-7af1-4c2e-b26a-0cf6be7a5711,士林區,台北市士林區士林夜市-AS,士林夜市-AS
e8068380-8dec-4e59-8922-b48df5084777,士林區,台北市士林區華榮市場-肉鬆食品,華榮市場-肉鬆食品
e8d9d85a-8cca-4479-819e-7b9f1925ee57,士林區,台北市士林區士林夜市-芭樂先生,士林夜市-芭樂先生
e951bd47-314d-4bcc-abc2-e4413a336305,士林區,台北市士林區牛有廖Beefull士林店,牛有廖Beefull士林店
eab92c15-1202-47c3-b41f-71243ac3b6cb,士林區,台北市士林區士林夜市-好朋友麻辣涼麵,士林夜市-好朋友麻辣涼麵
ead8ab2c-78e9-4c78-b9c3-9145b670748d,士林區,台北市士林區士林夜市-豪佳魷魚王,士林夜市-豪佳魷魚王
eb2102be-8960-4614-8fcd-c8c19d5de030,士林區,台北市士林區士東市場 莊扮一身,士東市場 莊扮一身
eb4dfe71-4f59-4fd1-8f3e-068233f5db34,士林區,台北市士林區士林夜市-鳳腳,士林夜市-鳳腳
eb583927-5613-4b1b-b738-a6933f9d4ed3,士林區,台北市士林區士東市場 草山堂小茶室,士東市場 草山堂小茶室
ec8494bd-8165-419f-bae9-c4905b2dbaf3,士林區,台北市士林區士林夜市-S&S西裝襯衫,士林夜市-S&S西裝襯衫
ec88c4db-a79a-4d66-9752-76edd2b0d7a2,士林區,台北市士林區士東市場 黑珍豬,士東市場 黑珍豬
ec9ab968-6b0a-450d-a01d-b040799c1ae5,士林區,台北市士林區士林夜市-9423鍋燒麵,士林夜市-9423鍋燒麵
eca410d2-bd34-468d-8c10-d9ecb9af31f2,士林區,台北市士林區士東市場 121有機,士東市場 121有機
ecd762fa-c65d-435a-86bf-6f0d6e5b7973,士林區,台北市士林區士東市場 富敏豬肉店,士東市場 富敏豬肉店
ed45a7c8-ff92-4340-9def-10f612a5801f,士林區,台北市士林區士東市場 方媽媽小吃店,士東市場 方媽媽小吃店
ed68212d-6576-4272-baa3-5aa8ea7bbb02,士林區,台北市士林區士東市場 40攤,士東市場 40攤
edddafc6-abc3-4113-89b6-f76be44e047a,士林區,台北市士林區士東市場 永進號,士東市場 永進號
ee085085-dc2b-4277-ac2c-52bd7155b75f,士林區,台北市士林區士東市場 吉成牛肉莊,士東市場 吉成牛肉莊
ee2b024a-eb5e-478b-a307-724e185ca586,士林區,台北市士林區士林夜市-邑特皮件店,士林夜市-邑特皮件店
ee340b9a-eac9-4766-b2b9-43eae3fdd396,士林區,台北市士林區士林市場-1F215號上午,士林市場-1F215號上午
ee53421b-8b31-4c05-a675-8c0a807dee42,士林區,台北市士林區士林市場-1F89號上午,士林市場-1F89號上午
ee8d6006-01be-4281-a1c9-9134fa6396f3,士林區,台北市士林區士林夜市-柚子先生(大東店),士林夜市-柚子先生(大東店)
eeb20cae-fda7-46ba-bb4e-ea091b0c23d3,士林區,台北市士林區士林夜市-Goodluck_select shop,士林夜市-Goodluck_select shop
eee4b1be-56a9-4954-a352-01f13b53c424,士林區,台北市士林區士林夜市-好雞匯鹹水雞士林店,士林夜市-好雞匯鹹水雞士林店
ef9cbe44-44c7-45ad-b718-5900a7a46404,士林區,台北市士林區士東市場 October微烘咖啡,士東市場 October微烘咖啡
efa8e826-0a7e-4510-8642-187942d026ba,士林區,台北市士林區福華廣場攤販集中場第81號攤 生鮮豬肉,福華廣場攤販集中場第81號攤 生鮮豬肉
efff0e00-bee3-476c-bb56-aa518e19af9c,士林區,台北市士林區士林夜市-Ailee男女裝(大東店),士林夜市-Ailee男女裝(大東店)
f0420f8e-01db-49cf-85b0-7c770b92ee46,士林區,台北市士林區士林市場1F 士林遊戲基地（11號攤）,士林市場1F 士林遊戲基地（11號攤）
f07952f3-bf12-4aa1-af9c-fa7a530d1c8f,士林區,台北市士林區士林市場-1F190號下午,士林市場-1F190號下午
f1272da4-5c60-4221-b9c2-7a575bb226af,士林區,台北市士林區士林夜市-三米快充線男女棉褲,士林夜市-三米快充線男女棉褲
f1a53b6c-0e17-4722-849d-4a6d971af74a,士林區,台北市士林區士林市場B1 佳鴻（86）,士林市場B1 佳鴻（86）
f1eeef9a-be54-42ab-bd4c-0b28a33ce3b6,士林區,台北市士林區士林市場1F 瘋狂彈珠沙包（16號攤）,士林市場1F 瘋狂彈珠沙包（16號攤）
f2505af8-b15b-4793-88ef-c93c4d7e7e7c,士林區,台北市士林區士東市場 江浙美饌,士東市場 江浙美饌
f2b9fded-d447-4edc-80a5-9a7139c0fc00,士林區,台北市士林區士林市場1F 瘋狂沙包（12號攤）,士林市場1F 瘋狂沙包（12號攤）
f34ef747-90b0-4d47-a57f-fc9e87dfe89a,士林區,台北市士林區士林夜市-舊街仔檸檬愛玉,士林夜市-舊街仔檸檬愛玉
f58fe170-e89d-40ca-97ff-b31a46654b21,士林區,台北市士林區士林夜市-彈珠星球實業社,士林夜市-彈珠星球實業社
f5b43c57-589d-4a74-9687-b951c3454589,士林區,台北市士林區士東市場 台灣黃金雞,士東市場 台灣黃金雞
f61f177d-844d-4f32-8175-c4436c786d76,士林區,台北市士林區士林市場-1F193號下午,士林市場-1F193號下午
f6e32ccd-43de-4d28-a332-d70bd4d97f8d,士林區,台北市士林區士林市場1F T恤（199號下午攤）,士林市場1F T恤（199號下午攤）
f71722b1-dd5b-4eb4-b3b8-4fe91ef97774,士林區,台北市士林區士林夜市-服飾女裝,士林夜市-服飾女裝
f7712ef6-d4e1-4908-8850-8d21468b01c7,士林區,台北市士林區士東市場 饗聚食品小舖,士東市場 饗聚食品小舖
f7ab29e4-6384-43d7-a876-ccf904e9a6e8,士林區,台北市士林區士東市場 忠義號,士東市場 忠義號
f7f8e8a2-436a-4eee-a00d-78543e235280,士林區,台北市士林區士東市場 士東好吃食品商行,士東市場 士東好吃食品商行
f9346aa1-213f-4e6d-8054-564360790d23,士林區,台北市士林區士林夜市-i平方時尚3C館,士林夜市-i平方時尚3C館
f945bfa4-c692-440f-ae38-77756ebddecc,士林區,台北市士林區士林市場-1F48號下午,士林市場-1F48號下午
fbc77f33-d0cb-4c23-a280-a981d79b598a,士林區,台北市士林區士林夜市-陳記九龍城香港茶,士林夜市-陳記九龍城香港茶
fd105458-9ac7-4f47-979e-ecf469751945,士林區,台北市士林區士林市場-1F25號下午,士林市場-1F25號下午
fd2b1404-c68c-4885-8517-12c414bc2c70,士林區,台北市士林區士林市場-1F76號下午,士林市場-1F76號下午
fd4ff79c-645e-40fe-830c-7fd6a17b808a,士林區,台北市士林區士林夜市-士林包包,士林夜市-士林包包
fe572241-4bd8-4964-9491-c7b0fef8cdbc,士林區,台北市士林區士林市場B1 曾記大排檔（66號）,士林市場B1 曾記大排檔（66號）
fef12a74-6c2c-49f9-9ab7-60eb51e67c76,士林區,台北市士林區士林夜市-Ribbon服飾,士林夜市-Ribbon服飾
ff1c9419-dc33-4b43-b9cd-023eceb3b7e8,士林區,台北市士林區士林夜市-積木,士林夜市-積木
ff2c77c6-dcb6-4881-b30d-dbf08f1d73dd,士林區,台北市士林區士林夜市-美口鬆餅,士林夜市-美口鬆餅
ffc3fb23-2ed8-4cad-bbe0-d283703b5acd,士林區,台北市士林區士東市場 汪汪,士東市場 汪汪
